match,round,item_rifle_used,item_awp_used,item_pistol_only,item_smg_used,item_shotgun_used,item_knife_kill,item_grenade_kill,item_high_headshot,item_perfect_headshot,item_multi_kill,item_dominant,item_quick_round,item_long_round,item_smoke_kill,item_wallbang,item_noscope,item_blind_kill,item_long_range,item_close_range,item_mixed_range,item_team_spread,item_carry_performance,item_t_win,item_ct_win,item_elimination,item_bomb_exploded,item_bomb_defused,item_time_out,item_map_inferno,item_map_mirage,item_map_dust2,item_map_overpass,item_map_train,item_map_nuke,item_map_ancient
furia-vs-aurora-m3-overpass,3,0,0,1,0,0,0,0,1,0,1,1,1,0,1,0,0,0,1,0,0,1,0,1,0,1,0,0,0,0,0,0,1,0,0,0
furia-vs-aurora-m3-overpass,4,1,0,0,1,0,0,1,1,0,1,1,0,1,0,1,0,1,0,0,0,1,0,1,0,1,0,0,0,0,0,0,1,0,0,0
furia-vs-aurora-m3-overpass,5,1,1,0,1,0,0,0,0,0,1,1,0,1,0,0,0,0,0,1,0,1,0,1,0,1,0,0,0,0,0,0,1,0,0,0
furia-vs-aurora-m3-overpass,6,1,1,0,0,0,0,0,0,0,1,1,0,0,1,0,0,0,1,0,1,1,0,0,1,0,0,0,1,0,0,0,1,0,0,0
furia-vs-aurora-m3-overpass,7,1,0,0,0,0,0,1,0,0,1,1,1,0,0,0,0,0,0,0,0,1,0,0,1,0,0,1,0,0,0,0,1,0,0,0
furia-vs-aurora-m3-overpass,8,1,0,0,0,0,0,1,0,0,1,1,0,1,0,0,0,0,0,1,0,1,0,1,0,0,1,0,0,0,0,0,1,0,0,0
furia-vs-aurora-m3-overpass,9,1,0,0,0,0,0,0,1,0,1,1,0,1,1,0,0,0,0,0,1,1,0,1,0,0,1,0,0,0,0,0,1,0,0,0
furia-vs-aurora-m3-overpass,10,1,0,0,1,0,0,0,0,0,1,1,0,0,0,0,0,0,0,0,0,1,0,1,0,1,0,0,0,0,0,0,1,0,0,0
furia-vs-aurora-m3-overpass,11,1,1,0,0,0,0,0,1,0,1,1,0,0,0,1,0,0,0,0,0,1,0,1,0,1,0,0,0,0,0,0,1,0,0,0
furia-vs-aurora-m3-overpass,12,1,0,0,0,0,0,0,0,0,1,1,0,0,1,1,0,0,0,1,0,1,0,0,1,1,0,0,0,0,0,0,1,0,0,0
furia-vs-aurora-m3-overpass,13,1,1,0,0,0,0,0,0,0,1,1,0,0,1,0,0,1,1,0,0,1,0,0,1,1,0,0,0,0,0,0,1,0,0,0
furia-vs-aurora-m3-overpass,14,1,1,0,0,0,0,1,1,0,1,1,0,1,1,0,0,0,0,1,0,1,0,1,0,1,0,0,0,0,0,0,1,0,0,0
furia-vs-aurora-m3-overpass,15,1,0,0,1,0,0,0,1,0,1,1,0,0,0,0,0,0,1,0,1,1,0,1,0,0,1,0,0,0,0,0,1,0,0,0
furia-vs-aurora-m3-overpass,16,1,1,0,1,0,0,0,0,0,1,1,0,0,0,0,0,0,0,1,0,1,0,1,0,1,0,0,0,0,0,0,1,0,0,0
furia-vs-aurora-m3-overpass,17,1,0,0,0,0,0,0,0,0,1,1,0,0,0,0,0,0,1,0,0,1,0,1,0,1,0,0,0,0,0,0,1,0,0,0
furia-vs-aurora-m3-overpass,18,1,0,0,1,0,0,0,1,0,1,1,0,1,1,0,0,0,0,0,0,1,0,1,0,1,0,0,0,0,0,0,1,0,0,0
furia-vs-aurora-m3-overpass,19,1,1,0,1,0,0,0,0,0,1,1,0,0,0,0,0,0,0,0,0,1,0,0,1,0,0,1,0,0,0,0,1,0,0,0
furia-vs-aurora-m3-overpass,20,1,0,0,0,0,0,0,1,0,1,1,0,0,0,1,0,0,0,0,0,1,0,1,0,1,0,0,0,0,0,0,1,0,0,0
furia-vs-aurora-m3-overpass,21,1,1,0,0,0,0,0,1,0,1,1,0,0,0,0,0,0,0,1,0,1,0,0,1,1,0,0,0,0,0,0,1,0,0,0
furia-vs-aurora-m3-overpass,22,1,0,0,0,0,0,1,1,0,1,1,0,0,0,0,0,0,0,0,1,1,0,0,1,1,0,0,0,0,0,0,1,0,0,0
furia-vs-aurora-m3-overpass,23,1,1,0,0,0,0,0,0,0,1,1,0,1,0,0,0,0,0,1,0,1,0,1,0,0,1,0,0,0,0,0,1,0,0,0
furia-vs-aurora-m3-overpass,24,1,1,0,1,0,0,0,0,0,1,1,0,0,1,0,0,0,0,1,0,1,0,0,1,1,0,0,0,0,0,0,1,0,0,0
furia-vs-aurora-m3-overpass,25,1,0,0,1,0,0,0,0,0,1,1,0,0,0,0,0,0,0,1,0,1,0,1,0,1,0,0,0,0,0,0,1,0,0,0
furia-vs-aurora-m3-overpass,26,1,1,0,0,0,0,0,0,0,1,1,0,0,0,1,0,0,0,1,0,1,0,1,0,1,0,0,0,0,0,0,1,0,0,0
furia-vs-aurora-m3-overpass,27,1,0,0,0,0,0,0,0,0,1,1,1,0,0,0,0,0,0,1,0,1,0,0,1,0,0,1,0,0,0,0,1,0,0,0
furia-vs-aurora-m3-overpass,28,1,1,0,0,0,0,0,0,0,1,1,1,0,1,0,0,0,0,0,0,1,0,0,1,1,0,0,0,0,0,0,1,0,0,0
furia-vs-aurora-m3-overpass,29,1,1,0,0,0,0,0,0,0,1,1,0,1,0,0,0,1,0,0,0,1,0,0,1,1,0,0,0,0,0,0,1,0,0,0
furia-vs-aurora-m3-overpass,30,1,1,0,0,0,0,1,0,0,1,1,1,0,0,0,0,0,0,0,1,1,0,1,0,1,0,0,0,0,0,0,1,0,0,0
ence-vs-1win-m1-train,2,0,0,1,0,0,0,0,1,0,1,1,0,0,0,0,0,0,0,1,0,1,0,0,1,0,0,1,0,0,0,0,0,1,0,0
ence-vs-1win-m1-train,3,1,0,0,1,0,0,0,0,0,1,1,0,1,0,0,0,1,0,0,0,1,0,1,0,0,1,0,0,0,0,0,0,1,0,0
ence-vs-1win-m1-train,4,1,0,0,0,0,0,0,1,0,1,1,0,1,0,0,0,0,1,0,1,1,0,1,0,0,1,0,0,0,0,0,0,1,0,0
ence-vs-1win-m1-train,5,1,1,0,0,0,0,1,0,0,1,0,0,1,0,0,0,0,0,0,0,1,0,0,1,1,0,0,0,0,0,0,0,1,0,0
ence-vs-1win-m1-train,6,1,1,0,0,0,0,0,0,0,1,1,0,0,0,0,0,0,1,0,0,1,0,0,1,0,0,1,0,0,0,0,0,1,0,0
ence-vs-1win-m1-train,7,1,0,0,0,0,0,0,1,0,1,1,0,0,1,1,0,0,0,0,0,1,0,0,1,1,0,0,0,0,0,0,0,1,0,0
ence-vs-1win-m1-train,8,1,1,0,0,0,0,0,0,0,1,0,0,0,0,0,0,0,0,0,1,1,0,0,1,1,0,0,0,0,0,0,0,1,0,0
ence-vs-1win-m1-train,9,1,0,0,0,0,0,0,1,0,1,1,0,1,1,0,0,0,0,0,1,1,0,0,1,0,0,0,1,0,0,0,0,1,0,0
ence-vs-1win-m1-train,10,1,1,0,0,0,0,0,0,0,1,1,0,0,1,0,0,0,0,0,0,1,0,0,1,1,0,0,0,0,0,0,0,1,0,0
ence-vs-1win-m1-train,11,1,0,0,0,0,0,0,1,0,1,1,1,0,1,0,0,0,1,0,0,1,0,1,0,0,1,0,0,0,0,0,0,1,0,0
ence-vs-1win-m1-train,12,1,0,0,0,0,0,0,1,0,1,0,0,0,1,0,0,0,1,0,1,1,0,0,1,0,0,1,0,0,0,0,0,1,0,0
ence-vs-1win-m1-train,13,1,0,0,1,0,0,0,1,0,1,1,0,0,1,0,0,0,0,0,1,1,0,1,0,1,0,0,0,0,0,0,0,1,0,0
ence-vs-1win-m1-train,14,1,0,0,1,0,0,0,1,0,1,1,0,0,0,0,0,0,0,0,1,1,0,0,1,1,0,0,0,0,0,0,0,1,0,0
ence-vs-1win-m1-train,15,1,1,0,0,0,0,0,0,0,1,0,0,0,1,0,0,0,0,0,0,1,0,0,1,1,0,0,0,0,0,0,0,1,0,0
ence-vs-1win-m1-train,16,1,1,0,0,0,0,0,0,0,1,1,0,0,0,0,1,1,0,0,1,1,0,0,1,1,0,0,0,0,0,0,0,1,0,0
ence-vs-1win-m1-train,17,1,0,0,0,0,0,0,1,0,1,1,0,0,1,0,0,0,0,1,0,1,0,1,0,1,0,0,0,0,0,0,0,1,0,0
ence-vs-1win-m1-train,18,1,0,0,0,0,0,0,1,0,1,1,0,0,1,0,0,0,0,0,1,1,0,1,0,0,1,0,0,0,0,0,0,1,0,0
ence-vs-1win-m1-train,19,1,0,0,1,0,0,0,0,0,1,0,0,0,1,1,0,0,0,0,0,1,0,1,0,1,0,0,0,0,0,0,0,1,0,0
ence-vs-1win-m1-train,20,1,0,0,1,0,0,0,0,0,1,1,0,0,1,0,0,0,0,0,0,1,0,0,1,1,0,0,0,0,0,0,0,1,0,0
ence-vs-1win-m1-train,21,1,1,0,0,0,0,0,0,0,1,1,0,0,1,0,0,0,0,0,0,1,0,1,0,1,0,0,0,0,0,0,0,1,0,0
ence-vs-1win-m1-train,22,1,1,0,0,0,0,0,0,0,1,0,0,0,0,0,0,0,1,0,0,1,0,0,1,0,0,1,0,0,0,0,0,1,0,0
ence-vs-1win-m1-train,23,1,1,0,0,0,0,0,1,0,1,1,0,0,1,1,0,1,1,0,0,1,0,0,1,0,0,1,0,0,0,0,0,1,0,0
ence-vs-1win-m1-train,24,1,0,0,0,0,0,0,1,0,1,1,0,0,1,0,0,0,0,0,0,1,0,0,1,1,0,0,0,0,0,0,0,1,0,0
ence-vs-1win-m1-train,25,1,1,0,0,0,0,0,0,0,1,0,1,0,0,0,0,0,0,0,1,1,0,0,1,1,0,0,0,0,0,0,0,1,0,0
ence-vs-1win-m1-train,26,1,1,0,0,0,0,0,0,0,1,1,0,0,1,1,0,0,0,0,1,1,0,1,0,1,0,0,0,0,0,0,0,1,0,0
ence-vs-1win-m1-train,27,1,1,0,0,0,0,0,0,0,1,1,0,0,1,0,0,0,0,0,0,1,0,0,1,0,0,1,0,0,0,0,0,1,0,0
ence-vs-1win-m1-train,28,1,1,0,0,0,0,0,0,0,1,1,0,0,0,0,0,0,0,0,0,1,0,0,1,1,0,0,0,0,0,0,0,1,0,0
ence-vs-1win-m1-train,29,1,1,0,0,0,0,0,0,0,1,0,0,0,0,1,0,0,1,0,0,1,0,0,1,1,0,0,0,0,0,0,0,1,0,0
ence-vs-1win-m1-train,30,1,0,0,0,0,0,0,1,0,1,1,0,0,1,0,0,0,0,0,0,1,0,0,1,1,0,0,0,0,0,0,0,1,0,0
ence-vs-1win-m1-train,31,1,1,0,0,0,0,0,1,0,1,1,0,0,0,0,0,0,0,0,0,1,0,1,0,1,0,0,0,0,0,0,0,1,0,0
ence-vs-1win-m1-train,32,1,1,0,0,0,0,0,0,0,1,0,1,0,0,0,0,0,0,0,0,1,0,1,0,1,0,0,0,0,0,0,0,1,0,0
ence-vs-1win-m1-train,33,1,0,0,0,0,0,0,0,0,1,1,0,0,1,0,0,0,0,0,0,1,0,1,0,1,0,0,0,0,0,0,0,1,0,0
ence-vs-1win-m1-train,34,1,1,0,0,0,0,0,1,0,1,1,0,0,0,0,0,0,0,0,0,1,0,1,0,1,0,0,0,0,0,0,0,1,0,0
ence-vs-1win-m1-train,35,1,1,0,0,0,0,0,0,0,1,1,0,0,1,0,0,0,0,0,1,1,0,0,1,1,0,0,0,0,0,0,0,1,0,0
nemiga-vs-tpudcatb-tpu-m1-dust2,2,0,0,0,0,0,1,0,0,0,1,1,1,0,0,0,0,0,0,1,0,1,0,1,0,1,0,0,0,0,0,1,0,0,0,0
nemiga-vs-tpudcatb-tpu-m1-dust2,3,0,0,1,0,0,1,0,1,0,1,0,0,0,0,0,0,0,0,1,0,1,0,0,1,1,0,0,0,0,0,1,0,0,0,0
nemiga-vs-tpudcatb-tpu-m1-dust2,4,1,0,0,0,0,0,0,0,0,1,0,0,0,0,1,0,0,0,0,0,1,0,0,1,1,0,0,0,0,0,1,0,0,0,0
nemiga-vs-tpudcatb-tpu-m1-dust2,5,1,1,0,0,0,0,0,0,0,1,0,0,0,0,0,0,0,0,1,0,1,0,0,1,1,0,0,0,0,0,1,0,0,0,0
nemiga-vs-tpudcatb-tpu-m1-dust2,6,1,1,0,0,0,0,0,0,0,1,1,0,0,1,1,0,0,1,0,0,1,0,0,1,0,0,1,0,0,0,1,0,0,0,0
nemiga-vs-tpudcatb-tpu-m1-dust2,7,1,0,0,0,0,0,1,0,0,1,0,0,1,0,0,0,1,1,0,0,1,0,0,1,0,0,0,1,0,0,1,0,0,0,0
nemiga-vs-tpudcatb-tpu-m1-dust2,8,1,0,0,0,0,0,0,0,0,1,0,0,1,1,0,0,0,1,0,0,1,0,1,0,0,1,0,0,0,0,1,0,0,0,0
nemiga-vs-tpudcatb-tpu-m1-dust2,9,1,1,0,0,0,0,0,1,0,1,0,0,0,1,1,0,0,0,0,0,1,0,0,1,1,0,0,0,0,0,1,0,0,0,0
nemiga-vs-tpudcatb-tpu-m1-dust2,10,1,1,0,0,0,0,0,1,0,1,0,1,0,0,0,0,0,0,0,0,1,0,0,1,0,0,0,1,0,0,1,0,0,0,0
nemiga-vs-tpudcatb-tpu-m1-dust2,11,1,0,0,0,0,0,0,1,0,1,1,0,1,1,0,0,1,0,0,0,1,0,1,0,0,1,0,0,0,0,1,0,0,0,0
nemiga-vs-tpudcatb-tpu-m1-dust2,12,1,1,0,0,0,0,0,0,0,1,0,0,0,1,0,0,0,1,0,1,1,0,0,1,0,0,0,1,0,0,1,0,0,0,0
nemiga-vs-tpudcatb-tpu-m1-dust2,13,1,0,0,0,0,0,0,1,0,1,0,1,0,0,0,0,0,0,0,0,1,0,1,0,1,0,0,0,0,0,1,0,0,0,0
nemiga-vs-tpudcatb-tpu-m1-dust2,14,1,0,0,1,0,0,0,1,0,1,0,1,0,0,1,0,0,0,0,0,1,0,1,0,1,0,0,0,0,0,1,0,0,0,0
nemiga-vs-tpudcatb-tpu-m1-dust2,15,0,0,1,0,0,0,0,1,1,1,1,0,0,1,0,0,0,1,0,0,1,0,1,0,1,0,0,0,0,0,1,0,0,0,0
nemiga-vs-tpudcatb-tpu-m1-dust2,16,1,0,0,0,0,0,0,1,0,1,0,1,0,0,0,0,0,1,0,0,1,0,1,0,0,1,0,0,0,0,1,0,0,0,0
nemiga-vs-tpudcatb-tpu-m1-dust2,17,1,0,0,0,0,0,0,0,0,1,0,0,1,0,0,0,0,0,1,0,1,0,0,1,0,0,0,1,0,0,1,0,0,0,0
nemiga-vs-tpudcatb-tpu-m1-dust2,18,1,0,0,0,0,0,0,1,0,1,0,1,0,1,0,0,0,0,1,0,1,0,0,1,1,0,0,0,0,0,1,0,0,0,0
nemiga-vs-tpudcatb-tpu-m1-dust2,19,1,0,0,0,0,0,0,0,0,1,0,0,0,0,1,0,0,0,0,0,1,0,0,1,1,0,0,0,0,0,1,0,0,0,0
nemiga-vs-tpudcatb-tpu-m1-dust2,20,1,1,0,0,0,0,0,0,0,1,1,0,1,0,1,0,0,0,0,0,1,0,0,1,1,0,0,0,0,0,1,0,0,0,0
nemiga-vs-tpudcatb-tpu-m1-dust2,21,1,1,0,0,0,0,0,1,0,1,0,0,0,0,0,0,1,1,0,0,1,0,1,0,1,0,0,0,0,0,1,0,0,0,0
nemiga-vs-tpudcatb-tpu-m1-dust2,22,1,0,0,0,0,0,0,0,0,1,0,1,0,0,0,0,0,0,0,0,1,0,0,1,0,0,0,1,0,0,1,0,0,0,0
nemiga-vs-tpudcatb-tpu-m1-dust2,23,1,0,0,1,0,0,0,1,0,1,0,0,1,1,0,0,1,0,1,0,1,0,1,0,0,1,0,0,0,0,1,0,0,0,0
nemiga-vs-tpudcatb-tpu-m1-dust2,24,1,0,0,0,0,0,1,1,0,1,1,0,1,1,0,0,0,0,0,1,1,0,1,0,1,0,0,0,0,0,1,0,0,0,0
sparta-vs-cybershoke-m1-dust2,2,0,0,0,0,0,1,0,0,0,1,1,1,0,0,0,0,0,0,1,0,1,0,1,0,1,0,0,0,0,0,1,0,0,0,0
sparta-vs-cybershoke-m1-dust2,3,0,0,1,0,0,1,0,1,0,1,1,0,0,0,0,0,0,0,0,1,1,0,1,0,1,0,0,0,0,0,1,0,0,0,0
sparta-vs-cybershoke-m1-dust2,4,1,0,0,0,0,0,0,1,0,1,1,0,1,1,1,0,0,1,0,1,1,0,0,1,1,0,0,0,0,0,1,0,0,0,0
sparta-vs-cybershoke-m1-dust2,5,1,0,0,0,0,0,0,0,0,1,1,0,0,0,0,0,0,0,0,1,1,0,0,1,1,0,0,0,0,0,1,0,0,0,0
sparta-vs-cybershoke-m1-dust2,6,1,0,0,0,0,0,0,1,0,1,1,0,0,0,0,0,0,0,0,1,1,0,0,1,0,0,1,0,0,0,1,0,0,0,0
sparta-vs-cybershoke-m1-dust2,7,1,1,0,0,0,0,0,0,0,1,1,0,0,0,1,0,0,1,0,1,1,0,0,1,1,0,0,0,0,0,1,0,0,0,0
sparta-vs-cybershoke-m1-dust2,8,1,0,0,0,0,0,0,0,0,1,1,1,0,0,1,0,1,0,0,0,1,0,0,1,1,0,0,0,0,0,1,0,0,0,0
sparta-vs-cybershoke-m1-dust2,9,1,1,0,0,0,0,0,1,0,1,1,1,0,1,0,0,0,0,0,1,1,0,0,1,1,0,0,0,0,0,1,0,0,0,0
sparta-vs-cybershoke-m1-dust2,10,1,1,0,0,0,0,0,0,0,1,1,0,0,1,0,0,0,0,0,0,1,0,1,0,1,0,0,0,0,0,1,0,0,0,0
sparta-vs-cybershoke-m1-dust2,11,0,1,0,0,0,0,0,0,0,1,1,1,0,0,1,0,0,1,0,1,0,1,1,0,1,0,0,0,0,0,1,0,0,0,0
sparta-vs-cybershoke-m1-dust2,12,1,1,0,0,0,0,0,0,0,1,1,0,0,1,0,0,0,1,0,0,1,0,1,0,0,1,0,0,0,0,1,0,0,0,0
sparta-vs-cybershoke-m1-dust2,13,1,1,0,1,0,0,0,0,0,1,1,0,1,0,0,0,0,0,0,0,1,0,1,0,0,1,0,0,0,0,1,0,0,0,0
sparta-vs-cybershoke-m1-dust2,14,1,0,0,0,0,0,0,1,0,1,1,0,0,0,0,0,0,0,1,0,1,0,1,0,1,0,0,0,0,0,1,0,0,0,0
sparta-vs-cybershoke-m1-dust2,15,1,0,0,0,0,0,0,1,0,1,1,0,0,1,1,0,0,1,0,1,1,0,0,1,1,0,0,0,0,0,1,0,0,0,0
sparta-vs-cybershoke-m1-dust2,16,1,0,0,0,0,0,0,0,0,1,1,0,0,0,0,0,0,0,0,0,1,0,0,1,1,0,0,0,0,0,1,0,0,0,0
sparta-vs-cybershoke-m1-dust2,17,1,0,0,0,0,0,0,1,0,1,1,0,0,0,1,0,0,0,0,0,1,0,1,0,1,0,0,0,0,0,1,0,0,0,0
sparta-vs-cybershoke-m1-dust2,18,1,0,0,0,0,0,0,0,0,1,1,0,1,1,1,0,1,0,1,0,1,0,1,0,0,1,0,0,0,0,1,0,0,0,0
sparta-vs-cybershoke-m1-dust2,19,1,1,0,1,0,0,0,0,0,1,1,0,1,0,0,0,1,0,0,1,1,0,0,1,0,0,0,1,0,0,1,0,0,0,0
sparta-vs-cybershoke-m1-dust2,20,1,1,0,0,0,0,0,0,0,1,1,1,0,0,0,0,0,1,0,1,1,0,0,1,1,0,0,0,0,0,1,0,0,0,0
sparta-vs-cybershoke-m1-dust2,21,1,0,0,1,0,0,0,1,1,1,1,0,0,0,0,0,0,0,0,0,1,0,0,1,1,0,0,0,0,0,1,0,0,0,0
sparta-vs-cybershoke-m1-dust2,22,1,0,0,0,0,0,0,0,0,1,1,1,0,0,1,0,0,1,0,0,1,0,0,1,0,0,1,0,0,0,1,0,0,0,0
sparta-vs-cybershoke-m1-dust2,23,1,1,0,0,0,0,0,1,0,1,1,0,0,0,0,0,0,0,1,0,1,0,0,1,1,0,0,0,0,0,1,0,0,0,0
mouz-vs-gentle-mates-m1-inferno-p1,2,0,0,1,0,0,0,0,1,0,1,0,1,0,0,0,0,0,0,1,0,1,0,0,1,1,0,0,0,1,0,0,0,0,0,0
mouz-vs-gentle-mates-m1-inferno-p1,3,1,0,0,0,0,0,0,0,0,1,0,0,0,1,0,0,0,0,0,0,1,0,0,1,1,0,0,0,1,0,0,0,0,0,0
mouz-vs-gentle-mates-m1-inferno-p1,4,1,0,0,1,0,0,0,0,0,1,1,0,0,0,0,0,0,0,0,0,1,0,0,1,1,0,0,0,1,0,0,0,0,0,0
kaleido-vs-arise-m2-inferno,2,0,0,0,0,0,1,0,0,0,1,1,1,0,0,0,0,0,0,1,0,1,0,1,0,1,0,0,0,1,0,0,0,0,0,0
kaleido-vs-arise-m2-inferno,3,0,0,1,0,0,0,0,1,0,1,1,0,0,0,0,0,0,0,0,0,1,0,1,0,1,0,0,0,1,0,0,0,0,0,0
kaleido-vs-arise-m2-inferno,4,1,1,0,1,0,0,0,1,0,1,1,0,1,1,0,0,0,0,1,0,1,0,1,0,0,1,0,0,1,0,0,0,0,0,0
kaleido-vs-arise-m2-inferno,5,1,1,0,1,0,0,0,0,0,1,1,1,0,1,0,0,0,0,1,0,1,0,1,0,1,0,0,0,1,0,0,0,0,0,0
kaleido-vs-arise-m2-inferno,6,1,1,0,0,0,0,0,1,0,1,1,0,0,0,0,0,0,1,0,0,1,0,0,1,1,0,0,0,1,0,0,0,0,0,0
kaleido-vs-arise-m2-inferno,7,1,0,0,0,0,0,0,1,0,1,1,0,0,0,1,0,0,0,0,0,1,0,0,1,1,0,0,0,1,0,0,0,0,0,0
kaleido-vs-arise-m2-inferno,8,1,1,0,0,0,0,0,0,0,1,1,0,0,1,1,0,0,0,0,0,1,0,0,1,0,0,1,0,1,0,0,0,0,0,0
kaleido-vs-arise-m2-inferno,9,1,1,0,0,0,0,0,0,0,1,1,0,0,1,0,0,0,0,0,0,1,0,0,1,1,0,0,0,1,0,0,0,0,0,0
kaleido-vs-arise-m2-inferno,10,1,0,0,0,0,0,0,1,0,1,1,0,0,0,0,0,0,0,1,0,1,0,0,1,1,0,0,0,1,0,0,0,0,0,0
kaleido-vs-arise-m2-inferno,11,1,1,0,0,0,0,0,1,0,1,1,0,0,0,0,0,0,0,0,0,1,0,0,1,1,0,0,0,1,0,0,0,0,0,0
kaleido-vs-arise-m2-inferno,12,1,1,0,0,0,0,1,0,0,1,1,0,0,1,0,0,0,0,1,0,1,0,1,0,0,1,0,0,1,0,0,0,0,0,0
kaleido-vs-arise-m2-inferno,13,1,1,0,0,0,0,0,1,0,1,1,0,0,1,0,0,0,0,0,1,1,0,0,1,0,0,1,0,1,0,0,0,0,0,0
kaleido-vs-arise-m2-inferno,14,1,1,0,0,0,0,0,0,0,1,1,0,0,1,0,0,0,0,0,0,1,0,0,1,0,0,1,0,1,0,0,0,0,0,0
kaleido-vs-arise-m2-inferno,15,1,0,0,0,0,0,0,1,1,1,1,0,0,0,0,0,0,0,0,0,1,0,1,0,1,0,0,0,1,0,0,0,0,0,0
kaleido-vs-arise-m2-inferno,16,1,0,0,1,0,0,0,1,0,1,1,1,0,0,1,0,0,0,1,0,1,0,1,0,1,0,0,0,1,0,0,0,0,0,0
kaleido-vs-arise-m2-inferno,17,1,0,0,0,0,0,0,1,0,1,1,0,0,0,1,0,0,0,0,0,1,0,1,0,1,0,0,0,1,0,0,0,0,0,0
kaleido-vs-arise-m2-inferno,18,1,0,0,0,0,0,0,0,0,1,1,0,1,1,0,0,1,0,1,0,1,0,1,0,0,1,0,0,1,0,0,0,0,0,0
kaleido-vs-arise-m2-inferno,19,1,1,0,0,0,0,0,0,0,1,1,1,0,1,1,0,1,0,1,1,1,0,1,0,1,0,0,0,1,0,0,0,0,0,0
fake-do-biru-vs-oddik-m1-dust2,2,1,0,0,0,0,0,0,1,0,1,1,0,1,0,0,0,0,0,1,0,1,0,0,1,1,0,0,0,0,0,1,0,0,0,0
fake-do-biru-vs-oddik-m1-dust2,3,1,0,0,0,0,0,0,1,0,1,1,1,0,0,1,0,0,0,0,0,1,0,0,1,0,0,1,0,0,0,1,0,0,0,0
fake-do-biru-vs-oddik-m1-dust2,4,1,1,0,0,0,0,0,0,0,1,1,1,0,0,1,0,0,1,0,1,1,0,1,0,0,1,0,0,0,0,1,0,0,0,0
fake-do-biru-vs-oddik-m1-dust2,5,1,1,0,0,0,0,0,1,0,1,1,1,0,0,1,0,0,1,0,1,1,0,1,0,1,0,0,0,0,0,1,0,0,0,0
fake-do-biru-vs-oddik-m1-dust2,6,1,1,0,0,0,0,0,0,0,1,1,1,0,0,1,0,0,0,0,1,1,0,1,0,0,1,0,0,0,0,1,0,0,0,0
fake-do-biru-vs-oddik-m1-dust2,7,1,1,0,0,0,0,0,0,0,1,1,1,0,0,1,0,0,1,0,1,1,0,0,1,1,0,0,0,0,0,1,0,0,0,0
fake-do-biru-vs-oddik-m1-dust2,8,1,1,0,0,0,0,0,0,0,1,1,1,0,0,1,0,0,1,0,1,1,0,1,0,1,0,0,0,0,0,1,0,0,0,0
fake-do-biru-vs-oddik-m1-dust2,9,1,1,0,0,0,0,0,0,0,1,1,1,0,0,0,0,0,1,0,1,1,0,1,0,1,0,0,0,0,0,1,0,0,0,0
fake-do-biru-vs-oddik-m1-dust2,10,1,1,0,0,0,0,0,1,0,1,1,1,0,0,1,0,0,1,0,1,1,0,1,0,1,0,0,0,0,0,1,0,0,0,0
fake-do-biru-vs-oddik-m1-dust2,11,1,1,0,0,0,1,0,0,0,1,1,1,0,0,0,0,0,1,0,1,1,0,1,0,0,1,0,0,0,0,1,0,0,0,0
fake-do-biru-vs-oddik-m1-dust2,12,1,1,0,0,0,1,0,0,0,1,1,1,0,0,0,0,0,1,0,1,1,0,0,1,1,0,0,0,0,0,1,0,0,0,0
fake-do-biru-vs-oddik-m1-dust2,13,1,1,0,0,0,0,0,1,0,1,1,0,1,1,0,0,0,0,0,0,1,0,0,1,0,0,0,1,0,0,1,0,0,0,0
fake-do-biru-vs-oddik-m1-dust2,14,1,0,0,1,0,0,0,0,0,1,1,0,1,0,1,0,0,1,0,1,1,0,0,1,0,0,1,0,0,0,1,0,0,0,0
fake-do-biru-vs-oddik-m1-dust2,15,1,1,0,0,0,0,0,1,0,1,1,0,1,1,0,0,0,0,0,0,1,0,1,0,1,0,0,0,0,0,1,0,0,0,0
fake-do-biru-vs-oddik-m1-dust2,16,1,1,0,0,0,0,0,0,0,1,1,0,1,1,1,0,0,1,0,0,1,0,0,1,0,0,0,1,0,0,1,0,0,0,0
fake-do-biru-vs-oddik-m1-dust2,17,1,1,0,1,0,0,1,0,0,1,1,0,1,1,1,0,0,0,0,0,1,0,0,1,1,0,0,0,0,0,1,0,0,0,0
fake-do-biru-vs-oddik-m1-dust2,18,1,1,0,0,0,0,0,0,0,1,1,0,1,1,0,0,0,1,0,1,1,0,0,1,1,0,0,0,0,0,1,0,0,0,0
fake-do-biru-vs-oddik-m1-dust2,19,1,0,0,0,1,0,0,1,0,1,1,0,1,1,0,0,0,0,0,0,1,0,1,0,0,1,0,0,0,0,1,0,0,0,0
fake-do-biru-vs-oddik-m1-dust2,20,1,1,0,0,1,0,0,0,0,1,1,0,1,0,1,0,0,1,0,0,1,0,0,1,1,0,0,0,0,0,1,0,0,0,0
fake-do-biru-vs-oddik-m1-dust2,21,1,1,0,0,0,0,0,1,0,1,1,0,1,0,0,0,0,0,0,0,1,0,0,1,0,0,1,0,0,0,1,0,0,0,0
fake-do-biru-vs-oddik-m1-dust2,22,1,1,0,0,0,0,1,0,0,1,1,0,1,1,0,0,0,1,0,0,1,0,0,1,1,0,0,0,0,0,1,0,0,0,0
furia-vs-aurora-m2-mirage,2,0,0,1,0,0,0,0,1,0,1,1,1,0,0,0,0,0,0,0,1,1,0,1,0,1,0,0,0,0,1,0,0,0,0,0
furia-vs-aurora-m2-mirage,3,1,0,0,1,0,0,0,1,0,1,1,0,0,0,0,0,0,0,0,0,1,0,1,0,1,0,0,0,0,1,0,0,0,0,0
furia-vs-aurora-m2-mirage,4,1,1,0,1,0,0,0,1,0,1,1,0,1,0,0,0,0,1,0,0,1,0,1,0,0,1,0,0,0,1,0,0,0,0,0
furia-vs-aurora-m2-mirage,5,1,0,0,0,0,0,0,0,0,1,1,0,0,1,0,0,0,0,1,0,1,0,0,1,1,0,0,0,0,1,0,0,0,0,0
furia-vs-aurora-m2-mirage,6,1,1,0,0,0,0,0,1,0,1,1,0,0,0,0,0,0,0,0,0,1,0,0,1,1,0,0,0,0,1,0,0,0,0,0
furia-vs-aurora-m2-mirage,7,1,0,0,0,0,0,1,0,0,1,0,0,0,0,0,0,0,1,0,0,1,0,0,1,1,0,0,0,0,1,0,0,0,0,0
furia-vs-aurora-m2-mirage,8,1,1,0,0,0,0,0,0,0,1,1,0,0,1,1,0,0,1,0,1,1,0,0,1,1,0,0,0,0,1,0,0,0,0,0
furia-vs-aurora-m2-mirage,9,1,0,0,0,0,0,0,0,0,1,1,1,0,0,0,0,0,0,0,0,1,0,0,1,1,0,0,0,0,1,0,0,0,0,0
furia-vs-aurora-m2-mirage,10,1,1,0,0,0,0,0,0,0,1,1,1,0,0,1,0,0,1,0,0,1,0,0,1,1,0,0,0,0,1,0,0,0,0,0
furia-vs-aurora-m2-mirage,11,1,1,0,0,0,0,0,0,0,1,1,0,0,0,0,0,0,0,0,0,1,0,0,1,1,0,0,0,0,1,0,0,0,0,0
furia-vs-aurora-m2-mirage,12,1,1,0,0,0,0,1,0,0,1,1,0,0,0,0,0,0,1,0,1,1,0,0,1,0,0,1,0,0,1,0,0,0,0,0
furia-vs-aurora-m2-mirage,13,1,0,0,0,0,0,0,1,0,1,0,0,1,0,0,0,0,1,0,1,1,0,1,0,1,0,0,0,0,1,0,0,0,0,0
furia-vs-aurora-m2-mirage,14,1,1,0,0,0,0,0,1,0,1,1,0,1,0,1,0,0,0,0,0,1,0,1,0,1,0,0,0,0,1,0,0,0,0,0
furia-vs-aurora-m2-mirage,15,0,0,1,1,0,0,0,1,0,1,1,0,0,0,0,0,0,0,0,0,1,0,1,0,1,0,0,0,0,1,0,0,0,0,0
furia-vs-aurora-m2-mirage,16,1,0,0,0,0,0,0,1,0,1,1,0,0,1,0,0,0,0,0,0,1,0,1,0,1,0,0,0,0,1,0,0,0,0,0
furia-vs-aurora-m2-mirage,17,1,1,0,1,0,0,0,1,0,1,1,0,0,0,0,0,0,1,0,0,1,0,1,0,1,0,0,0,0,1,0,0,0,0,0
furia-vs-aurora-m2-mirage,18,1,1,0,0,0,0,0,0,0,1,0,0,0,1,1,0,0,0,1,0,1,0,0,1,1,0,0,0,0,1,0,0,0,0,0
furia-vs-aurora-m2-mirage,19,1,1,0,0,0,0,0,0,0,1,1,0,0,0,0,0,0,1,0,0,1,0,0,1,0,0,1,0,0,1,0,0,0,0,0
furia-vs-aurora-m2-mirage,20,1,1,0,0,0,0,0,1,0,1,1,0,0,0,0,0,0,1,0,0,1,0,0,1,1,0,0,0,0,1,0,0,0,0,0
furia-vs-aurora-m2-mirage,21,1,1,0,0,0,0,0,0,0,1,1,0,1,1,0,0,0,1,0,1,1,0,0,1,0,0,1,0,0,1,0,0,0,0,0
furia-vs-aurora-m2-mirage,22,1,0,0,0,0,0,0,0,0,1,1,1,0,0,0,0,0,0,0,0,1,0,0,1,1,0,0,0,0,1,0,0,0,0,0
furia-vs-aurora-m2-mirage,23,1,1,0,0,0,0,0,1,0,1,1,0,0,0,1,0,0,0,0,0,1,0,1,0,1,0,0,0,0,1,0,0,0,0,0
vpprodigy-vs-fire-flux-m1-mirage,2,1,0,0,1,0,0,0,0,0,1,1,0,0,0,0,0,0,0,1,0,0,1,1,0,1,0,0,0,0,1,0,0,0,0,0
vpprodigy-vs-fire-flux-m1-mirage,3,1,0,0,1,0,0,0,0,0,1,1,0,0,0,0,0,0,0,1,1,1,0,1,0,1,0,0,0,0,1,0,0,0,0,0
vpprodigy-vs-fire-flux-m1-mirage,4,1,0,0,0,0,0,0,1,0,1,1,0,0,1,0,0,0,1,0,1,1,0,0,1,1,0,0,0,0,1,0,0,0,0,0
vpprodigy-vs-fire-flux-m1-mirage,5,1,0,0,0,0,0,0,1,0,1,1,0,0,0,0,0,0,0,0,0,1,0,0,1,1,0,0,0,0,1,0,0,0,0,0
vpprodigy-vs-fire-flux-m1-mirage,6,1,0,0,0,0,0,0,0,0,1,1,1,0,1,1,0,1,0,0,0,1,0,0,1,1,0,0,0,0,1,0,0,0,0,0
vpprodigy-vs-fire-flux-m1-mirage,7,1,1,0,0,0,0,0,0,0,1,1,0,0,0,0,0,0,1,0,1,1,0,1,0,1,0,0,0,0,1,0,0,0,0,0
vpprodigy-vs-fire-flux-m1-mirage,8,1,1,0,0,0,0,0,0,0,1,1,0,0,0,0,0,0,0,0,0,1,0,1,0,1,0,0,0,0,1,0,0,0,0,0
vpprodigy-vs-fire-flux-m1-mirage,9,1,1,0,0,0,0,0,0,0,1,1,0,1,1,0,0,0,1,0,0,1,0,1,0,1,0,0,0,0,1,0,0,0,0,0
vpprodigy-vs-fire-flux-m1-mirage,10,1,1,0,0,0,0,0,0,0,1,1,0,0,1,0,0,0,1,0,1,1,0,0,1,1,0,0,0,0,1,0,0,0,0,0
vpprodigy-vs-fire-flux-m1-mirage,11,1,1,0,0,0,0,0,1,0,1,1,0,1,1,1,0,0,0,0,0,1,0,1,0,1,0,0,0,0,1,0,0,0,0,0
vpprodigy-vs-fire-flux-m1-mirage,12,1,1,0,0,0,0,0,1,0,1,1,1,0,1,0,0,0,1,0,1,1,0,0,1,0,0,0,1,0,1,0,0,0,0,0
vpprodigy-vs-fire-flux-m1-mirage,13,0,0,1,1,0,0,0,1,0,1,1,0,1,0,0,0,0,0,0,1,1,0,1,0,1,0,0,0,0,1,0,0,0,0,0
vpprodigy-vs-fire-flux-m1-mirage,14,1,0,0,1,0,0,0,1,0,1,1,0,0,1,0,0,0,0,1,0,1,0,1,0,1,0,0,0,0,1,0,0,0,0,0
vpprodigy-vs-fire-flux-m1-mirage,15,1,0,0,1,0,0,0,0,0,1,1,0,0,1,0,0,0,0,0,0,1,0,0,1,1,0,0,0,0,1,0,0,0,0,0
vpprodigy-vs-fire-flux-m1-mirage,16,1,0,0,0,0,0,0,1,0,1,1,0,0,1,1,0,0,0,0,1,1,0,1,0,0,1,0,0,0,1,0,0,0,0,0
vpprodigy-vs-fire-flux-m1-mirage,17,1,0,0,1,0,0,0,0,0,1,1,1,0,0,0,0,0,0,0,0,1,0,1,0,0,1,0,0,0,1,0,0,0,0,0
vpprodigy-vs-fire-flux-m1-mirage,18,1,0,0,0,0,0,0,1,0,1,1,0,0,1,0,0,0,0,0,1,1,0,1,0,1,0,0,0,0,1,0,0,0,0,0
vpprodigy-vs-fire-flux-m1-mirage,19,1,1,0,0,0,0,0,0,0,1,1,0,0,1,0,0,0,0,0,0,1,0,0,1,1,0,0,0,0,1,0,0,0,0,0
vpprodigy-vs-fire-flux-m1-mirage,20,1,0,0,0,0,0,0,1,0,1,1,0,1,0,0,0,0,0,1,0,1,0,1,0,1,0,0,0,0,1,0,0,0,0,0
vpprodigy-vs-fire-flux-m1-mirage,21,1,0,0,0,0,0,0,1,0,1,1,0,0,0,1,0,0,0,0,0,1,0,1,0,1,0,0,0,0,1,0,0,0,0,0
vpprodigy-vs-fire-flux-m1-mirage,22,1,0,0,0,0,0,0,1,0,1,1,0,0,0,0,0,0,0,0,0,1,0,1,0,1,0,0,0,0,1,0,0,0,0,0
mouz-vs-gentle-mates-m1-inferno-p2,6,0,0,0,0,0,0,0,0,0,1,1,1,0,0,0,0,0,0,1,0,1,0,1,0,0,1,0,0,1,0,0,0,0,0,0
mouz-vs-gentle-mates-m1-inferno-p2,7,1,1,0,0,0,0,0,1,0,1,0,0,1,0,0,0,0,0,1,0,1,0,1,0,1,0,0,0,1,0,0,0,0,0,0
mouz-vs-gentle-mates-m1-inferno-p2,8,1,1,0,1,0,0,0,0,0,1,1,0,0,1,1,0,0,0,1,0,1,0,0,1,0,0,1,0,1,0,0,0,0,0,0
mouz-vs-gentle-mates-m1-inferno-p2,9,1,0,0,0,0,0,0,1,0,1,1,0,0,1,0,0,0,0,1,0,1,0,1,0,0,1,0,0,1,0,0,0,0,0,0
mouz-vs-gentle-mates-m1-inferno-p2,10,1,1,0,0,0,0,0,1,0,1,1,0,0,1,1,0,0,0,0,0,1,0,0,1,1,0,0,0,1,0,0,0,0,0,0
mouz-vs-gentle-mates-m1-inferno-p2,11,1,0,0,0,0,0,0,0,0,1,1,0,1,0,0,0,0,0,0,0,1,0,0,1,0,0,0,1,1,0,0,0,0,0,0
mouz-vs-gentle-mates-m1-inferno-p2,12,1,0,0,1,0,0,0,1,0,1,1,0,1,0,0,0,0,0,0,0,1,0,0,1,1,0,0,0,1,0,0,0,0,0,0
mouz-vs-gentle-mates-m1-inferno-p2,13,1,1,0,0,0,0,0,1,0,1,1,0,0,0,0,0,0,0,0,0,1,0,0,1,0,0,1,0,1,0,0,0,0,0,0
mouz-vs-gentle-mates-m1-inferno-p2,14,1,1,0,0,0,0,1,1,0,1,1,0,1,0,1,0,0,1,0,0,1,0,1,0,0,1,0,0,1,0,0,0,0,0,0
mouz-vs-gentle-mates-m1-inferno-p2,15,1,1,0,0,0,0,0,0,0,1,1,0,1,0,1,0,0,0,0,0,1,0,1,0,1,0,0,0,1,0,0,0,0,0,0
mouz-vs-gentle-mates-m1-inferno-p2,16,1,0,0,1,0,0,0,1,0,1,1,0,0,0,0,0,0,0,1,0,1,0,1,0,1,0,0,0,1,0,0,0,0,0,0
mouz-vs-gentle-mates-m1-inferno-p2,17,1,0,0,0,0,0,0,1,0,1,1,0,0,1,0,0,0,0,1,0,1,0,1,0,0,1,0,0,1,0,0,0,0,0,0
mouz-vs-gentle-mates-m1-inferno-p2,18,1,0,0,0,0,0,0,1,0,1,1,1,0,1,1,0,0,0,1,0,1,0,1,0,1,0,0,0,1,0,0,0,0,0,0
mouz-vs-gentle-mates-m1-inferno-p2,19,1,0,0,0,0,0,0,0,0,1,1,0,0,1,1,0,0,0,1,0,1,0,1,0,1,0,0,0,1,0,0,0,0,0,0
fake-do-biru-vs-oddik-m2-train,2,1,0,0,0,0,0,0,1,0,1,1,0,1,0,0,0,0,0,1,0,1,0,1,0,1,0,0,0,0,0,0,0,1,0,0
fake-do-biru-vs-oddik-m2-train,3,1,0,0,0,0,0,0,1,1,1,1,1,0,0,0,0,0,0,1,0,0,1,1,0,1,0,0,0,0,0,0,0,1,0,0
fake-do-biru-vs-oddik-m2-train,4,1,0,0,0,0,0,0,1,1,1,1,1,0,0,0,0,0,0,1,0,0,1,1,0,1,0,0,0,0,0,0,0,1,0,0
fake-do-biru-vs-oddik-m2-train,5,1,0,0,0,0,0,0,1,0,1,1,1,0,0,0,0,0,0,1,0,1,0,1,0,1,0,0,0,0,0,0,0,1,0,0
fake-do-biru-vs-oddik-m2-train,6,1,0,0,0,0,0,0,1,0,1,1,1,0,0,0,0,0,0,1,0,1,0,0,1,0,0,1,0,0,0,0,0,1,0,0
fake-do-biru-vs-oddik-m2-train,7,1,0,0,0,0,0,0,1,0,1,1,1,0,0,0,0,0,0,1,0,1,0,0,1,1,0,0,0,0,0,0,0,1,0,0
fake-do-biru-vs-oddik-m2-train,8,1,0,0,0,0,0,0,1,0,1,1,1,0,0,0,0,0,0,0,0,1,0,1,0,0,1,0,0,0,0,0,0,1,0,0
fake-do-biru-vs-oddik-m2-train,9,1,0,0,0,0,0,0,1,0,1,1,1,0,0,0,0,0,0,0,0,1,0,1,0,1,0,0,0,0,0,0,0,1,0,0
fake-do-biru-vs-oddik-m2-train,10,1,0,0,0,0,0,0,1,0,1,1,1,0,0,0,0,0,0,0,1,1,0,1,0,1,0,0,0,0,0,0,0,1,0,0
fake-do-biru-vs-oddik-m2-train,11,1,0,0,0,0,0,0,1,0,1,1,1,0,0,0,0,0,0,0,1,1,0,0,1,1,0,0,0,0,0,0,0,1,0,0
fake-do-biru-vs-oddik-m2-train,12,1,0,0,0,0,1,0,0,0,1,1,1,0,0,0,0,0,0,1,0,1,0,0,1,1,0,0,0,0,0,0,0,1,0,0
fake-do-biru-vs-oddik-m2-train,13,1,0,0,1,0,1,0,1,0,1,1,0,1,0,0,0,0,0,0,0,1,0,0,1,0,0,1,0,0,0,0,0,1,0,0
fake-do-biru-vs-oddik-m2-train,14,1,1,0,1,0,1,0,0,0,1,1,0,1,1,1,0,1,0,0,1,1,0,1,0,1,0,0,0,0,0,0,0,1,0,0
fake-do-biru-vs-oddik-m2-train,15,1,1,0,0,0,0,0,0,0,1,1,0,1,1,0,0,1,1,0,0,1,0,0,1,1,0,0,0,0,0,0,0,1,0,0
fake-do-biru-vs-oddik-m2-train,16,1,1,0,0,0,0,0,0,0,1,1,0,1,1,0,0,1,0,0,0,1,0,0,1,1,0,0,0,0,0,0,0,1,0,0
fake-do-biru-vs-oddik-m2-train,17,1,1,0,0,0,0,1,0,0,1,1,0,1,1,0,0,1,1,0,0,1,0,1,0,0,1,0,0,0,0,0,0,1,0,0
fake-do-biru-vs-oddik-m2-train,18,1,1,0,0,0,0,0,1,0,1,1,0,1,0,1,0,0,0,0,0,1,0,0,1,0,0,0,1,0,0,0,0,1,0,0
fake-do-biru-vs-oddik-m2-train,19,1,0,0,1,0,0,1,1,0,1,1,0,1,0,0,0,0,0,0,0,1,0,0,1,1,0,0,0,0,0,0,0,1,0,0
fake-do-biru-vs-oddik-m2-train,20,1,1,0,1,0,0,1,0,0,1,1,0,1,0,0,0,1,0,0,0,1,0,0,1,1,0,0,0,0,0,0,0,1,0,0
fake-do-biru-vs-oddik-m2-train,21,1,1,0,0,0,0,0,0,0,1,1,0,1,1,0,0,0,0,1,0,1,0,0,1,1,0,0,0,0,0,0,0,1,0,0
ecstatic-vs-havu-m3-overpass,2,0,0,0,0,0,1,0,0,0,1,1,1,0,0,0,0,0,0,1,0,1,0,0,1,1,0,0,0,0,0,0,1,0,0,0
ecstatic-vs-havu-m3-overpass,3,0,0,1,0,0,0,0,1,0,1,1,1,0,0,0,0,0,0,1,0,1,0,1,0,1,0,0,0,0,0,0,1,0,0,0
ecstatic-vs-havu-m3-overpass,4,1,1,0,1,0,0,0,1,0,1,1,0,1,0,1,0,0,1,0,0,1,0,1,0,0,1,0,0,0,0,0,1,0,0,0
ecstatic-vs-havu-m3-overpass,5,1,1,0,0,0,0,0,0,0,1,0,0,0,0,0,0,1,0,1,0,1,0,1,0,1,0,0,0,0,0,0,1,0,0,0
ecstatic-vs-havu-m3-overpass,6,1,0,0,0,0,0,0,0,0,1,1,0,0,0,0,0,0,0,0,0,1,0,0,1,0,0,1,0,0,0,0,1,0,0,0
ecstatic-vs-havu-m3-overpass,7,1,0,0,0,0,0,0,1,0,1,1,0,1,0,0,0,0,0,1,0,1,0,1,0,0,1,0,0,0,0,0,1,0,0,0
ecstatic-vs-havu-m3-overpass,8,1,1,0,0,0,0,0,1,0,1,0,0,0,0,1,0,0,1,0,1,1,0,1,0,0,1,0,0,0,0,0,1,0,0,0
ecstatic-vs-havu-m3-overpass,9,1,1,0,0,0,0,0,0,0,1,1,0,1,0,0,0,0,0,0,1,1,0,0,1,0,0,1,0,0,0,0,1,0,0,0
ecstatic-vs-havu-m3-overpass,10,1,0,0,0,0,0,0,1,0,1,1,0,0,1,0,0,1,0,0,1,1,0,0,1,0,0,1,0,0,0,0,1,0,0,0
ecstatic-vs-havu-m3-overpass,11,1,1,0,0,0,0,0,0,0,1,1,0,0,0,0,0,0,0,0,0,1,0,0,1,0,0,0,1,0,0,0,1,0,0,0
ecstatic-vs-havu-m3-overpass,12,1,1,0,0,0,0,1,0,0,1,0,0,1,0,0,0,0,0,0,0,1,0,0,1,1,0,0,0,0,0,0,1,0,0,0
ecstatic-vs-havu-m3-overpass,13,1,0,0,0,0,0,1,0,0,1,1,0,0,0,0,0,0,0,0,0,1,0,0,1,0,0,1,0,0,0,0,1,0,0,0
ecstatic-vs-havu-m3-overpass,14,1,1,0,0,0,0,0,1,0,1,1,0,0,0,0,0,0,0,1,0,1,0,1,0,1,0,0,0,0,0,0,1,0,0,0
ecstatic-vs-havu-m3-overpass,15,1,0,0,0,0,0,0,1,0,1,0,0,0,1,0,0,0,0,0,0,1,0,0,1,1,0,0,0,0,0,0,1,0,0,0
ecstatic-vs-havu-m3-overpass,16,1,0,0,0,0,0,0,1,0,1,1,0,0,0,1,0,0,1,0,0,1,0,0,1,1,0,0,0,0,0,0,1,0,0,0
ecstatic-vs-havu-m3-overpass,17,1,0,0,1,0,0,0,1,0,1,1,0,0,0,0,0,0,0,0,1,1,0,1,0,1,0,0,0,0,0,0,1,0,0,0
ecstatic-vs-havu-m3-overpass,18,1,0,0,0,0,0,0,1,0,1,1,0,0,0,0,0,0,0,0,0,1,0,0,1,1,0,0,0,0,0,0,1,0,0,0
ecstatic-vs-havu-m3-overpass,19,1,1,0,0,0,0,0,0,0,1,0,0,0,1,1,0,0,1,0,1,1,0,0,1,1,0,0,0,0,0,0,1,0,0,0
ecstatic-vs-havu-m3-overpass,20,1,1,0,0,0,0,1,0,0,1,1,0,0,0,1,0,0,1,0,0,1,0,1,0,1,0,0,0,0,0,0,1,0,0,0
ecstatic-vs-havu-m3-overpass,21,1,0,0,1,0,0,0,1,0,1,1,0,1,0,0,0,0,0,1,0,1,0,0,1,1,0,0,0,0,0,0,1,0,0,0
ecstatic-vs-havu-m3-overpass,22,1,1,0,0,0,0,0,0,0,1,0,0,0,1,1,0,0,0,0,0,1,0,0,1,1,0,0,0,0,0,0,1,0,0,0
ecstatic-vs-havu-m3-overpass,23,1,0,0,0,0,0,0,1,0,1,1,0,0,0,0,0,0,0,0,0,1,0,1,0,1,0,0,0,0,0,0,1,0,0,0
ecstatic-vs-havu-m3-overpass,24,1,1,0,0,0,0,0,1,0,1,1,0,1,1,0,0,0,0,0,1,1,0,1,0,0,1,0,0,0,0,0,1,0,0,0
ecstatic-vs-havu-m3-overpass,25,1,1,0,0,0,0,0,0,0,1,0,1,0,0,1,1,0,0,1,0,1,0,1,0,0,1,0,0,0,0,0,1,0,0,0
ecstatic-vs-havu-m3-overpass,26,1,1,0,0,0,0,0,1,0,1,1,0,0,1,0,0,0,0,0,0,1,0,1,0,1,0,0,0,0,0,0,1,0,0,0
ecstatic-vs-havu-m3-overpass,27,1,0,0,0,0,0,0,1,0,1,1,1,0,0,0,0,0,0,1,0,1,0,0,1,0,0,1,0,0,0,0,1,0,0,0
ecstatic-vs-havu-m3-overpass,28,1,1,0,0,0,0,0,0,0,1,1,1,0,0,0,0,0,0,1,0,1,0,0,1,1,0,0,0,0,0,0,1,0,0,0
ecstatic-vs-havu-m3-overpass,29,1,0,0,0,0,0,1,0,0,1,0,1,0,0,0,0,1,1,0,0,1,0,0,1,0,0,1,0,0,0,0,1,0,0,0
ecstatic-vs-havu-m3-overpass,30,1,1,0,0,0,0,0,0,0,1,1,0,1,0,0,0,0,0,0,1,1,0,0,1,1,0,0,0,0,0,0,1,0,0,0
ecstatic-vs-havu-m3-overpass,31,1,1,0,0,0,0,0,1,0,1,1,0,1,1,1,0,1,0,0,0,1,0,0,1,0,0,1,0,0,0,0,1,0,0,0
ecstatic-vs-havu-m3-overpass,32,1,1,0,0,0,0,0,0,0,1,0,1,0,0,0,0,0,1,0,1,1,0,0,1,1,0,0,0,0,0,0,1,0,0,0
ecstatic-vs-havu-m3-overpass,33,1,1,0,0,0,0,0,1,0,1,1,0,0,1,0,1,0,0,1,0,1,0,1,0,1,0,0,0,0,0,0,1,0,0,0
ecstatic-vs-havu-m3-overpass,34,1,1,0,0,0,0,0,0,0,1,1,0,0,0,0,0,0,0,0,0,1,0,1,0,1,0,0,0,0,0,0,1,0,0,0
ecstatic-vs-havu-m3-overpass,35,1,0,0,1,0,0,0,0,0,1,1,0,0,1,0,0,0,0,0,0,1,0,0,1,0,0,1,0,0,0,0,1,0,0,0
vpprodigy-vs-fire-flux-m2-train,2,0,0,1,0,0,0,0,1,1,1,1,1,0,0,0,0,0,0,0,0,1,0,1,0,1,0,0,0,0,0,0,0,1,0,0
vpprodigy-vs-fire-flux-m2-train,3,1,0,0,1,0,0,0,1,0,1,1,1,0,0,0,0,0,0,1,0,1,0,1,0,0,1,0,0,0,0,0,0,1,0,0
vpprodigy-vs-fire-flux-m2-train,4,1,0,0,1,0,0,0,0,0,1,0,1,0,0,0,0,0,0,0,0,1,0,1,0,1,0,0,0,0,0,0,0,1,0,0
vpprodigy-vs-fire-flux-m2-train,5,1,1,0,0,0,0,0,0,0,1,1,0,0,1,0,0,0,0,0,0,1,0,0,1,0,0,0,1,0,0,0,0,1,0,0
vpprodigy-vs-fire-flux-m2-train,6,1,1,0,0,0,0,0,0,0,1,1,0,1,1,0,0,0,0,1,0,1,0,0,1,1,0,0,0,0,0,0,0,1,0,0
vpprodigy-vs-fire-flux-m2-train,7,1,1,0,0,0,0,0,1,0,1,0,1,0,0,0,0,0,0,1,0,1,0,0,1,1,0,0,0,0,0,0,0,1,0,0
vpprodigy-vs-fire-flux-m2-train,8,1,1,0,0,0,0,0,1,0,1,1,0,1,1,0,0,0,1,0,0,1,0,1,0,0,1,0,0,0,0,0,0,1,0,0
vpprodigy-vs-fire-flux-m2-train,9,1,1,0,0,0,0,0,1,0,1,1,0,0,0,0,0,0,0,0,0,1,0,1,0,1,0,0,0,0,0,0,0,1,0,0
vpprodigy-vs-fire-flux-m2-train,10,1,1,0,0,0,0,1,0,0,1,0,1,0,1,0,0,0,1,0,1,1,0,0,1,0,0,1,0,0,0,0,0,1,0,0
vpprodigy-vs-fire-flux-m2-train,11,1,1,0,0,0,0,1,0,0,1,1,0,0,0,0,0,0,1,0,1,1,0,0,1,0,0,1,0,0,0,0,0,1,0,0
vpprodigy-vs-fire-flux-m2-train,12,1,1,0,1,0,0,0,0,0,1,1,0,0,0,0,0,0,0,0,0,1,0,1,0,1,0,0,0,0,0,0,0,1,0,0
vpprodigy-vs-fire-flux-m2-train,13,1,1,0,1,0,0,0,1,0,1,0,0,1,0,0,0,0,0,0,1,1,0,0,1,1,0,0,0,0,0,0,0,1,0,0
vpprodigy-vs-fire-flux-m2-train,14,1,0,0,0,0,0,0,1,0,1,1,0,0,1,0,0,0,0,0,0,1,0,1,0,1,0,0,0,0,0,0,0,1,0,0
vpprodigy-vs-fire-flux-m2-train,15,1,0,0,1,0,0,0,1,0,1,1,1,0,1,1,0,1,0,0,0,1,0,1,0,0,1,0,0,0,0,0,0,1,0,0
vpprodigy-vs-fire-flux-m2-train,16,1,0,0,0,0,0,0,1,0,1,0,0,0,0,0,0,0,0,0,1,1,0,1,0,1,0,0,0,0,0,0,0,1,0,0
vpprodigy-vs-fire-flux-m2-train,17,1,1,0,0,0,0,0,0,0,1,1,0,1,0,1,0,0,1,0,1,1,0,1,0,0,1,0,0,0,0,0,0,1,0,0
vpprodigy-vs-fire-flux-m2-train,18,1,1,0,0,0,0,0,1,0,1,1,1,0,0,0,0,0,0,1,0,1,0,0,1,0,0,1,0,0,0,0,0,1,0,0
vpprodigy-vs-fire-flux-m2-train,19,1,0,0,0,0,0,1,0,0,1,0,0,0,0,0,0,0,0,0,0,1,0,0,1,0,0,1,0,0,0,0,0,1,0,0
vpprodigy-vs-fire-flux-m2-train,20,1,1,0,0,0,0,1,0,0,1,1,0,0,0,0,0,0,0,1,0,1,0,0,1,1,0,0,0,0,0,0,0,1,0,0
vpprodigy-vs-fire-flux-m2-train,21,1,1,0,0,0,0,0,1,0,1,1,0,0,0,0,0,0,0,0,0,1,0,1,0,1,0,0,0,0,0,0,0,1,0,0
vpprodigy-vs-fire-flux-m2-train,22,1,1,0,0,0,0,0,1,0,1,0,0,0,0,0,0,0,1,0,0,1,0,0,1,1,0,0,0,0,0,0,0,1,0,0
vpprodigy-vs-fire-flux-m2-train,23,1,0,0,0,0,0,0,1,0,1,1,0,0,0,0,0,0,0,1,0,1,0,0,1,1,0,0,0,0,0,0,0,1,0,0
vpprodigy-vs-fire-flux-m2-train,24,1,1,0,0,0,0,0,1,0,1,1,0,0,1,0,0,0,1,0,0,1,0,1,0,1,0,0,0,0,0,0,0,1,0,0
vpprodigy-vs-fire-flux-m2-train,25,1,1,0,0,0,0,0,0,0,1,0,1,0,0,0,0,0,1,0,0,1,0,0,1,0,0,1,0,0,0,0,0,1,0,0
vpprodigy-vs-fire-flux-m2-train,26,1,1,0,0,0,0,0,1,0,1,1,0,0,0,0,0,0,0,0,0,1,0,0,1,1,0,0,0,0,0,0,0,1,0,0
vpprodigy-vs-fire-flux-m2-train,27,1,1,0,0,0,0,0,0,0,1,1,0,0,1,0,0,1,0,0,1,1,0,0,1,0,0,1,0,0,0,0,0,1,0,0
vpprodigy-vs-fire-flux-m2-train,28,1,0,0,0,0,0,0,0,0,1,0,0,1,1,0,0,0,0,0,1,1,0,1,0,1,0,0,0,0,0,0,0,1,0,0
vpprodigy-vs-fire-flux-m2-train,29,1,1,0,0,0,0,0,1,0,1,1,1,0,1,0,0,0,0,0,0,1,0,1,0,1,0,0,0,0,0,0,0,1,0,0
vpprodigy-vs-fire-flux-m2-train,30,1,0,0,0,0,0,1,0,0,1,1,1,0,0,0,0,0,0,1,0,1,0,1,0,1,0,0,0,0,0,0,0,1,0,0
